Block_1 (day6_15C_oldworld, day6_GB, day6_pH) - mapping on chr 8 of  08STF040 (1037430) and UR95 (1030870)
3 CATTCAAAATGACTTCACTCCCGAGGAGGAA
3 ATTCAAAATGACTTCACTCCCGAGGAGGAAG
3 CAAAATGACTTCACTCCCGAGGAGGAAGACC
3 AAAATGACTTCACTCCCGAGGAGGAAGACCA
3 AAATGACTTCACTCCCGAGGAGGAAGACCAG
3 AATGACTTCACTCCCGAGGAGGAAGACCAGA
3 GACTTCACTCCCGAGGAGGAAGACCAGATCC
3 ACTTCACTCCCGAGGAGGAAGACCAGATCCG
3 CTTCACTCCCGAGGAGGAAGACCAGATCCGC
3 CACTCCCGAGGAGGAAGACCAGATCCGCCGC
3 ACTCCCGAGGAGGAAGACCAGATCCGCCGCG
3 CTCCCGAGGAGGAAGACCAGATCCGCCGCGA
3 CCCGAGGAGGAAGACCAGATCCGCCGCGAGA
3 CCGAGGAGGAAGACCAGATCCGCCGCGAGAA
3 CGAGGAGGAAGACCAGATCCGCCGCGAGAAC
3 AGGAGGAAGACCAGATCCGCCGCGAGAACGA
3 AGGAAGACCAGATCCGCCGCGAGAACGAGTG
3 AAGACCAGATCCGCCGCGAGAACGAGTGGGC
3 AGACCAGATCCGCCGCGAGAACGAGTGGGCT


Block_2 (day2_18C_oldworld, day2_25C_oldworld)
2 AAAGAAGCCTCCTAGGGCTAAAATCGTACGG
2 AAGAAGCCTCCTAGGGCTAAAATCGTACGGC
2 AGAAGCCTCCTAGGGCTAAAATCGTACGGCT
2 GAAGCCTCCTAGGGCTAAAATCGTACGGCTA

Block_3 (day4_12C_Americas, day4_12C) - mapping on chr2 of most/all refs (2378120 on IPO323)
2 GGGGCGGGGGGAGCGGTGAAATCCGGGCGGA
2 GGGCGGGGGGAGCGGTGAAATCCGGGCGGAA
2 GGGGGAGCGGTGAAATCCGGGCGGAAGTTGA
2 AGCGGTGAAATCCGGGCGGAAGTTGAGGTCC
2 GCGGTGAAATCCGGGCGGAAGTTGAGGTCCA
2 GAAATCCGGGCGGAAGTTGAGGTCCATGCTC
2 AAATCCGGGCGGAAGTTGAGGTCCATGCTCT
2 AATCCGGGCGGAAGTTGAGGTCCATGCTCTC
2 GTTGAGGTCCATGCTCTCCGCGCCGCCGAAA
2 GAGGTCCATGCTCTCCGCGCCGCCGAAAGAC
2 AGGTCCATGCTCTCCGCGCCGCCGAAAGACA
2 TCCATGCTCTCCGCGCCGCCGAAAGACATCA
2 CATGCTCTCCGCGCCGCCGAAAGACATCATC
2 ATGCTCTCCGCGCCGCCGAAAGACATCATCG
2 CTCTCCGCGCCGCCGAAAGACATCATCGGCA
2 GCGCCGCCGAAAGACATCATCGGCATGGTGA
2 CGCCGCCGAAAGACATCATCGGCATGGTGAC
2 CGCCGAAAGACATCATCGGCATGGTGACGTC
2 CCGAAAGACATCATCGGCATGGTGACGTCTC
2 CGAAAGACATCATCGGCATGGTGACGTCTCC
2 GAAAGACATCATCGGCATGGTGACGTCTCCA
2 AAAGACATCATCGGCATGGTGACGTCTCCAT
2 AAGACATCATCGGCATGGTGACGTCTCCATT
2 AGACATCATCGGCATGGTGACGTCTCCATTG

Block_4 (day4_12C_Americas, day4_12C)  - mapping on chr2 of Arg00 (2430100) and KE94 (2347430) - reverse 19
2 CCGCGTTGCTACCATATGCGGGCGGCATGTC
2 CGTTGCTACCATATGCGGGCGGCATGTCGTC
2 ACCATATGCGGGCGGCATGTCGTCGGAGTCG
2 CCATATGCGGGCGGCATGTCGTCGGAGTCGA
2 ATATGCGGGCGGCATGTCGTCGGAGTCGATG
2 TATGCGGGCGGCATGTCGTCGGAGTCGATGA
2 CGGGCGGCATGTCGTCGGAGTCGATGATGTC
2 GCGGCATGTCGTCGGAGTCGATGATGTCTCC
2 CATGTCGTCGGAGTCGATGATGTCTCCGTCG
2 ATGTCGTCGGAGTCGATGATGTCTCCGTCGA
2 TGTCGTCGGAGTCGATGATGTCTCCGTCGAA
2 CGATGATGTCTCCGTCGAAGTGGAAATACTC
2 ATGATGTCTCCGTCGAAGTGGAAATACTCGG
2 CGTCGAAGTGGAAATACTCGGAGTCGTGGTA
2 CGAAGTGGAAATACTCGGAGTCGTGGTACTC
2 GAAGTGGAAATACTCGGAGTCGTGGTACTCC
2 AAGTGGAAATACTCGGAGTCGTGGTACTCCA
2 AGTGGAAATACTCGGAGTCGTGGTACTCCAT
2 GAAATACTCGGAGTCGTGGTACTCCATCCTC
2 AAATACTCGGAGTCGTGGTACTCCATCCTCC
2 AATACTCGGAGTCGTGGTACTCCATCCTCCC
2 ATACTCGGAGTCGTGGTACTCCATCCTCCCG
2 ACTCGGAGTCGTGGTACTCCATCCTCCCGTC
2 CTCGGAGTCGTGGTACTCCATCCTCCCGTCA

Block_5 (day4_12C_Americas, day4_12C) - mapping on chr2 of all (to check, but most if not all) refs but Arg00 and KE94
2 ACCACCGAAGCTCATCCAACTGGCGTTGCTC
2 CCACCGAAGCTCATCCAACTGGCGTTGCTCC
2 CACCGAAGCTCATCCAACTGGCGTTGCTCCC
2 ACCGAAGCTCATCCAACTGGCGTTGCTCCCA
2 ACCGAAGCTCATCCAACTGGCGTTGCTTCCA
2 CCGAAGCTCATCCAACTGGCGTTGCTCCCAA
2 CCGAAGCTCATCCAACTGGCGTTGCTTCCAA
2 CGAAGCTCATCCAACTGGCGTTGCTCCCAAC
2 CGAAGCTCATCCAACTGGCGTTGCTTCCAAC
2 AAGCTCATCCAACTGGCGTTGCTCCCAACGC
2 AAGCTCATCCAACTGGCGTTGCTTCCAACGC
2 AGCTCATCCAACTGGCGTTGCTCCCAACGCC
2 AGCTCATCCAACTGGCGTTGCTTCCAACGCC
2 CATCCAACTGGCGTTGCTCCCAACGCCTTGG
2 CATCCAACTGGCGTTGCTTCCAACGCCTTGG
2 CCAACTGGCGTTGCTCCCAACGCCTTGGTAG
2 CCAACTGGCGTTGCTTCCAACGCCTTGGTAG
2 CAACTGGCGTTGCTCCCAACGCCTTGGTAGA
2 CAACTGGCGTTGCTTCCAACGCCTTGGTAGA
2 AACTGGCGTTGCTCCCAACGCCTTGGTAGAT
2 AACTGGCGTTGCTTCCAACGCCTTGGTAGAT
2 ACTGGCGTTGCTCCCAACGCCTTGGTAGATG
2 ACTGGCGTTGCTTCCAACGCCTTGGTAGATG
2 CCCAACGCCTTGGTAGATGGTGGGGGCGGGG




Block_6 (day4_12C, day4_12C_oldworld) - mapping on KE94.chr_01 and YEQ92.chr_12
2 ATTTAGCAAATACTAAGAGTAGTAACAGCTG
2 AGCAAATACTAAGAGTAGTAACAGCTGTTAT
2 CAAATACTAAGAGTAGTAACAGCTGTTATTC
2 AATAACAGCTGTTACTACTCTTAGTATTTGC
2 TAACAGCTGTTACTACTCTTAGTATTTGCTA
2 AACAGCTGTTACTACTCTTAGTATTTGCTAA
2 ACAGCTGTTACTACTCTTAGTATTTGCTAAA


Block_7 (day4_12C, day4_12C_oldworld) - mapping on IR01_48b.chr_10 and YEQ92.chr_11
2 ATAACCGTTATATAGATAGCTAGTATCGGCA
2 AACCGTTATATAGATAGCTAGTATCGGCAGC
2 ACCGTTATATAGATAGCTAGTATCGGCAGCT

Block_8 (day4_12C_Americas, day4_12C) - mapping on chr2 of Arg00 (2429950) and KE94 (2347280)
2 AGACGTCACCATGCCGATGATGTCTTTCGGC
2 ACGTCACCATGCCGATGATGTCTTTCGGCGG
2 CGTCACCATGCCGATGATGTCTTTCGGCGGC
2 CACCATGCCGATGATGTCTTTCGGCGGCGCG
2 ACCATGCCGATGATGTCTTTCGGCGGCGCGG
2 CCATGCCGATGATGTCTTTCGGCGGCGCGGA
2 CATGCCGATGATGTCTTTCGGCGGCGCGGAG
2 ATGCCGATGATGTCTTTCGGCGGCGCGGAGA
2 GCCGATGATGTCTTTCGGCGGCGCGGAGAGC
2 CCGATGATGTCTTTCGGCGGCGCGGAGAGCA
2 ATGATGTCTTTCGGCGGCGCGGAGAGCATGG
2 GATGTCTTTCGGCGGCGCGGAGAGCATGGAC
2 ATGTCTTTCGGCGGCGCGGAGAGCATGGACC
2 TCTTTCGGCGGCGCGGAGAGCATGGACCTCA
2 CTTTCGGCGGCGCGGAGAGCATGGACCTCAA
2 AGCATGGACCTCAACTTCCGCCCGGATTTCA
2 GCATGGACCTCAACTTCCGCCCGGATTTCAC
2 CATGGACCTCAACTTCCGCCCGGATTTCACC
2 ATGGACCTCAACTTCCGCCCGGATTTCACCG
2 GACCTCAACTTCCGCCCGGATTTCACCGCTC
2 ACCTCAACTTCCGCCCGGATTTCACCGCTCC
2 CCTCAACTTCCGCCCGGATTTCACCGCTCCC
2 CTCAACTTCCGCCCGGATTTCACCGCTCCCC
2 CAACTTCCGCCCGGATTTCACCGCTCCCCCC
2 AACTTCCGCCCGGATTTCACCGCTCCCCCCG
2 ACTTCCGCCCGGATTTCACCGCTCCCCCCGC
2 CTTCCGCCCGGATTTCACCGCTCCCCCCGCC
2 CCGCCCGGATTTCACCGCTCCCCCCGCCCCC
2 CGCCCGGATTTCACCGCTCCCCCCGCCCCCA
2 GCCCGGATTTCACCGCTCCCCCCGCCCCCAC
2 CCCCGCCCCCACCATCTACCAAGGCGTTGGA
2 CCCGCCCCCACCATCTACCAAGGCGTTGGAA
2 CCCGCCCCCACCATCTACCAAGGCGTTGGGA
2 CCGCCCCCACCATCTACCAAGGCGTTGGAAG
2 CCGCCCCCACCATCTACCAAGGCGTTGGGAG
2 CGCCCCCACCATCTACCAAGGCGTTGGAAGC
2 CGCCCCCACCATCTACCAAGGCGTTGGGAGC
2 GCCCCCACCATCTACCAAGGCGTTGGAAGCA
2 GCCCCCACCATCTACCAAGGCGTTGGGAGCA
2 CCCCCACCATCTACCAAGGCGTTGGAAGCAA
2 CCCCCACCATCTACCAAGGCGTTGGGAGCAA
2 CCCCACCATCTACCAAGGCGTTGGAAGCAAC
2 CCCCACCATCTACCAAGGCGTTGGGAGCAAC
2 CCCACCATCTACCAAGGCGTTGGAAGCAACG
2 CCCACCATCTACCAAGGCGTTGGGAGCAACG
2 CCACCATCTACCAAGGCGTTGGAAGCAACGC
2 CCACCATCTACCAAGGCGTTGGGAGCAACGC
2 CACCATCTACCAAGGCGTTGGAAGCAACGCC
2 CACCATCTACCAAGGCGTTGGGAGCAACGCC
2 ACCATCTACCAAGGCGTTGGAAGCAACGCCA
2 ACCATCTACCAAGGCGTTGGGAGCAACGCCA
2 CCATCTACCAAGGCGTTGGAAGCAACGCCAG
2 CCATCTACCAAGGCGTTGGGAGCAACGCCAG
2 TACCAAGGCGTTGGAAGCAACGCCAGTTGGA
2 TACCAAGGCGTTGGGAGCAACGCCAGTTGGA
2 ACCAAGGCGTTGGAAGCAACGCCAGTTGGAT
2 ACCAAGGCGTTGGGAGCAACGCCAGTTGGAT
2 CAAGGCGTTGGAAGCAACGCCAGTTGGATGA
2 CAAGGCGTTGGGAGCAACGCCAGTTGGATGA
2 AAGGCGTTGGAAGCAACGCCAGTTGGATGAG
2 AAGGCGTTGGGAGCAACGCCAGTTGGATGAG
2 AGGCGTTGGAAGCAACGCCAGTTGGATGAGC
2 AGGCGTTGGGAGCAACGCCAGTTGGATGAGC
2 CGTTGGAAGCAACGCCAGTTGGATGAGCTTC
2 CGTTGGGAGCAACGCCAGTTGGATGAGCTTC

Block_9 (day4_SA, eAUCSA) - mapping on chr3 of all/most refs (around 1817170 on IPO323) -reverse 11
2 CGCATTCTATTGTTTTTCTGCCAACTTCTCC
2 CGCATTCTATTGTTTTTCTGCCAACTTCTTC
2 CTATTGTTTTTCTGCCAACTTCTTCTGTCCC
2 TATTGTTTTTCTGCCAACTTCTTCTGTCCCA
2 ATTGTTTTTCTGCCAACTTCTTCTGTCCCAC
2 TGTTTTTCTGCCAACTTCTTCTGTCCCACAA
2 GTTTTTCTGCCAACTTCTTCTGTCCCACAAA
2 GCCAACTTCTTCTGTCCCACAAACCCTCTGA
2 CCAACTTCTTCTGTCCCACAAACCCTCTGAC
2 CAACTTCTTCTGTCCCACAAACCCTCTGACG
2 AACTTCTTCTGTCCCACAAACCCTCTGACGG
2 ACTTCTTCTGTCCCACAAACCCTCTGACGGC
2 CTTCTTCTGTCCCACAAACCCTCTGACGGCA
2 CTTCTGTCCCACAAACCCTCTGACGGCACTC

Block_10 (asymptote_22C_Europe, asymptote_22C_oldworld)
2 GAGGTAAGAACTACGCTCTTCGGAATTTCTA
2 AGGTAAGAACTACGCTCTTCGGAATTTCTAA
2 AAGAACTACGCTCTTCGGAATTTCTAAGGGA

Block_11 (day4_SA, eAUCSA) - mapping on chr3 of all/most refs, around 1817190 on IPO323 - reverse 9
2 TCGAGTGCCGTCAGAGGGTTTGTGGGACAGA
2 CGAGTGCCGTCAGAGGGTTTGTGGGACAGAA
2 AGTGCCGTCAGAGGGTTTGTGGGACAGAAGA
2 GTGCCGTCAGAGGGTTTGTGGGACAGAAGAA
2 CAGAGGGTTTGTGGGACAGAAGAAGTTGGCA
2 AGAGGGTTTGTGGGACAGAAGAAGTTGGCAG
2 GAGGGTTTGTGGGACAGAAGAAGTTGGCAGA
2 AGGGTTTGTGGGACAGAAGAAGTTGGCAGAA
2 GGGTTTGTGGGACAGAAGAAGTTGGCAGAAA
2 GGTTTGTGGGACAGAAGAAGTTGGCAGAAAA
2 GTTTGTGGGACAGAAGAAGTTGGCAGAAAAA
2 TGTGGGACAGAAGAAGTTGGCAGAAAAACAA
2 GGACAGAAGAAGTTGGCAGAAAAACAATAGA
2 GGACAGGAGAAGTTGGCAGAAAAACAATAGA
2 GACAGAAGAAGTTGGCAGAAAAACAATAGAA
2 GACAGGAGAAGTTGGCAGAAAAACAATAGAA
2 ACAGAAGAAGTTGGCAGAAAAACAATAGAAT
2 ACAGGAGAAGTTGGCAGAAAAACAATAGAAT
2 CAGAAGAAGTTGGCAGAAAAACAATAGAATG
2 CAGGAGAAGTTGGCAGAAAAACAATAGAATG
2 AGGAGAAGTTGGCAGAAAAACAATAGAATGC
2 AGAAGAAGTTGGCAGAAAAACAATAGAATGC
2 GAGAAGTTGGCAGAAAAACAATAGAATGCGA
2 AAGAAGTTGGCAGAAAAACAATAGAATGCGA

Block_12 (Std_grey0C_08dpi, Std_grey18C_08dpi)
2 CGTCAAGACCGCCTTTCTTTACGGCCTTATC
2 GTCAAGACCGCCTTTCTTTACGGCCTTATCA
2 TCAAGACCGCCTTTCTTTACGGCCTTATCAA
2 CAAGACCGCCTTTCTTTACGGCCTTATCAAG
2 AAGACCGCCTTTCTTTACGGCCTTATCAAGG
2 AGACCGCCTTTCTTTACGGCCTTATCAAGGA
2 GACCGCCTTTCTTTACGGCCTTATCAAGGAA
2 ACCGCCTTTCTTTACGGCCTTATCAAGGAAA
2 CCGCCTTTCTTTACGGCCTTATCAAGGAAAC

Block_13 (day4_12C_oldworld, day6_12C_oldworld)
2 GACCTCTTTAATACTATTACTAAAGCTAATA
2 ACCTCTTTAATACTATTACTAAAGCTAATAA
2 CCTCTTTAATACTATTACTAAAGCTAATAAA
2 CTCTTTAATACTATTACTAAAGCTAATAAAG
2 CTTTAATACTATTACTAAAGCTAATAAAGGA
2 TAATACTATTACTAAAGCTAATAAAGGAGCA
2 AATACTATTACTAAAGCTAATAAAGGAGCAC

Block_14 (Std_grey0C_08dpi, Std_grey18C_08dpi)
2 CAATCGACGGTCTCCTCGGGCAGGTATCGAG
2 AATCGACGGTCTCCTCGGGCAGGTATCGAGT

Block_15 (Std_grey0C_08dpi, Std_grey18C_08dpi)
2 ACCAATGCAGATTCGAGAAAAATGTCGATAC
2 CCAATGCAGATTCGAGAAAAATGTCGATACC
2 AATGCAGATTCGAGAAAAATGTCGATACCTG
2 ATGCAGATTCGAGAAAAATGTCGATACCTGC
2 GCAGATTCGAGAAAAATGTCGATACCTGCCC
2 CAGATTCGAGAAAAATGTCGATACCTGCCCG
2 AGATTCGAGAAAAATGTCGATACCTGCCCGA

Block_16 (day4_12C_Americas, day6_12C_Americas)
2 CGGGAATTATCTGCTAGTTCTATAATGCTAG
2 GGGAATTATCTGCTAGTTCTATAATGCTAGA
2 GGAATTATCTGCTAGTTCTATAATGCTAGAA
2 AATTATCTGCTAGTTCTATAATGCTAGAATG

Block_17 (q75total_12C_Europe, q75total_12C_oldworld)
2 TCGTCTTGATAGCTCGCCGTTGACACTCGCA
2 CGTCTTGATAGCTCGCCGTTGACACTCGCAA
2 GTCTTGATAGCTCGCCGTTGACACTCGCAAC
2 TCTTGATAGCTCGCCGTTGACACTCGCAACA
2 CTTGATAGCTCGCCGTTGACACTCGCAACAC
2 TGATAGCTCGCCGTTGACACTCGCAACACCA

Block_18 (day4_12C_Americas, day6_12C_Americas)
2 CACACCATACTTTTACGCCCAAAAGAGCTGA
2 ACACCATACTTTTACGCCCAAAAGAGCTGAC
2 CACCATACTTTTACGCCCAAAAGAGCTGACA

Block_19 (day4_12C_Americas, day4_12C)  - mapping on chr2 of Arg00 (2430100) and KE94 (2347430) - reverse 4
2 ACGGGAGGATGGAGTACCACGACTCCGAGTA
2 AGGATGGAGTACCACGACTCCGAGTATTTCC
2 GGATGGAGTACCACGACTCCGAGTATTTCCA
2 GATGGAGTACCACGACTCCGAGTATTTCCAC
2 AGTACCACGACTCCGAGTATTTCCACTTCGA
2 GTACCACGACTCCGAGTATTTCCACTTCGAC
2 ACCACGACTCCGAGTATTTCCACTTCGACGG
2 CCACGACTCCGAGTATTTCCACTTCGACGGA
2 CACGACTCCGAGTATTTCCACTTCGACGGAG
2 ACGACTCCGAGTATTTCCACTTCGACGGAGA
2 CGACTCCGAGTATTTCCACTTCGACGGAGAC
2 GACTCCGAGTATTTCCACTTCGACGGAGACA
2 ACTCCGAGTATTTCCACTTCGACGGAGACAT
2 CTCCGAGTATTTCCACTTCGACGGAGACATC
2 TCCGAGTATTTCCACTTCGACGGAGACATCA
2 CGAGTATTTCCACTTCGACGGAGACATCATC
2 AGTATTTCCACTTCGACGGAGACATCATCGA
2 GTATTTCCACTTCGACGGAGACATCATCGAC
2 CACTTCGACGGAGACATCATCGACTCCGACG
2 ACTTCGACGGAGACATCATCGACTCCGACGA
2 CTTCGACGGAGACATCATCGACTCCGACGAC
2 GACGGAGACATCATCGACTCCGACGACATGC
2 ACGGAGACATCATCGACTCCGACGACATGCC
2 CGGAGACATCATCGACTCCGACGACATGCCG
2 GAGACATCATCGACTCCGACGACATGCCGCC
2 AGACATCATCGACTCCGACGACATGCCGCCC
2 ACATCATCGACTCCGACGACATGCCGCCCGC
2 CATCATCGACTCCGACGACATGCCGCCCGCA
2 ATCATCGACTCCGACGACATGCCGCCCGCAT
2 ATCGACTCCGACGACATGCCGCCCGCATATG
2 GACTCCGACGACATGCCGCCCGCATATGGTA
2 ACTCCGACGACATGCCGCCCGCATATGGTAG
2 CTCCGACGACATGCCGCCCGCATATGGTAGC
2 TCCGACGACATGCCGCCCGCATATGGTAGCA
2 CCGACGACATGCCGCCCGCATATGGTAGCAA
2 CGACGACATGCCGCCCGCATATGGTAGCAAC
2 ACGACATGCCGCCCGCATATGGTAGCAACGC
2 CGACATGCCGCCCGCATATGGTAGCAACGCG


Block_20 (day4_12C, day6_12C)
2 AGGGACATTCGTATCTTTATCAGATTTGCGA
2 GGGACATTCGTATCTTTATCAGATTTGCGAA
2 GGACATTCGTATCTTTATCAGATTTGCGAAC
2 ACATTCGTATCTTTATCAGATTTGCGAACTA
2 CATTCGTATCTTTATCAGATTTGCGAACTAC

Block_21 (day4_12C, day6_12C)
2 CCACCAGGGGCATCCCTTCATATCTGCACCG
2 CACCAGGGGCATCCCTTCATATCTGCACCGA
2 ACCAGGGGCATCCCTTCATATCTGCACCGAA
2 CCAGGGGCATCCCTTCATATCTGCACCGAAG

Block_22 (day6_15C_oldworld, day6_GB, day6_pH) - mapping on chr8 for all/most isolates - 1127538 on IPO323 and 1030885 on UR95
3 CCCACTCGTTCTCGCGGCGGATCTGGTCTTC
3 CCACTCGTTCTCGCGGCGGATCTGGTCTTCC
3 ACTCGTTCTCGCGGCGGATCTGGTCTTCCTC
3 CTCGTTCTCGCGGCGGATCTGGTCTTCCTCC
3 CGTTCTCGCGGCGGATCTGGTCTTCCTCCTC
3 CTCGCGGCGGATCTGGTCTTCCTCCTCGGGA
3 CGGCGGATCTGGTCTTCCTCCTCGGGAGTGA
3 GGCGGATCTGGTCTTCCTCCTCGGGAGTGAA
3 GATCTGGTCTTCCTCCTCGGGAGTGAAGTCA
3 ATCTGGTCTTCCTCCTCGGGAGTGAAGTCAT
3 GTCTTCCTCCTCGGGAGTGAAGTCATTTTGA
3 TCTTCCTCCTCGGGAGTGAAGTCATTTTGAA

Block_23 (Radius18C_08dpi, Std_grey0C_08dpi, Std_grey18C_08dpi)
3 CCGAACGCTTTGCTCTTTCTGTTTTATCCGC
3 CGAACGCTTTGCTCTTTCTGTTTTATCCGCG
3 GAACGCTTTGCTCTTTCTGTTTTATCCGCGA
3 AACGCTTTGCTCTTTCTGTTTTATCCGCGAT

Block_24 (day4_15C_Americas, day4_18C_Americas, eAUC18C_Americas)
3 AAAGCGGAAATCACCCTCCCGCAAAAAGCAG
3 AAGCGGAAATCACCCTCCCGCAAAAAGCAGA
3 AGCGGAAATCACCCTCCCGCAAAAAGCAGAC
3 CGGAAATCACCCTCCCGCAAAAAGCAGACGA

Block_25 (Std_grey0C_08dpi, Std_grey30C_08dpi)
2 ATTTCGTAGAACACGAGAGGGCTAACTACAC
2 TTCGTAGAACACGAGAGGGCTAACTACACAA
2 TCGTAGAACACGAGAGGGCTAACTACACAAA
2 CGTAGAACACGAGAGGGCTAACTACACAAAA
2 CACGAGAGGGCTAACTACACAAAAGACGATC

Block_26 (day4_12C, day6_12C)
2 AGTTCGCAAATCTGATAAAGATACGAATGTC
2 CGCAAATCTGATAAAGATACGAATGTCCCTA
2 GCAAATCTGATAAAGATACGAATGTCCCTAA
2 CAAATCTGATAAAGATACGAATGTCCCTAAC

Block_27 (Radius0C_15dpi, Radius18C_15dpi, Radius18C_08dpi, Std_grey18C_08dpi)
4 AACGCTCTGTAAAGAAGGACGGCGGGCCTAT
4 ACGCTCTGTAAAGAAGGACGGCGGGCCTATA

Block_28 (q75_12C_Europe, q75_12C_oldworld)
2 GGTGTTGCGAGTGTCAACGGCGAGCTATCAA
2 GCGAGTGTCAACGGCGAGCTATCAAGACGAC
2 CGAGTGTCAACGGCGAGCTATCAAGACGACG
2 GAGTGTCAACGGCGAGCTATCAAGACGACGA
2 AGTGTCAACGGCGAGCTATCAAGACGACGAG

Block_29 (day4_12C_oldworld, day6_12C_oldworld)
2 GCTCCTTTATTAGCTTTAGTAATAGTATTAA
2 CTCCTTTATTAGCTTTAGTAATAGTATTAAA
2 CCTTTATTAGCTTTAGTAATAGTATTAAAGA
2 ATTAGCTTTAGTAATAGTATTAAAGAGGTCC

Block_30 (GrowthRate0C, GrowthRate18C, Radius0C_15dpi, Radius18C_15dpi, Radius18C_19dpi)
5 AGATGCTATAGAAAAGGGCGAGAGAAGGTCG

Block_31 (day4_22C_oldworld, day6_18C, day6_22C, day6_25C_oldworld)
4 GTAGGATCCGCTAAACGATGAAATTTTGCAA

Block_32 (Radius18C_08dpi, Std_grey0C_08dpi, Std_grey18C_08dpi)
3 CGGATAAAACAGAAAGAGCAAAGCGTTCGGC
3 GGATAAAACAGAAAGAGCAAAGCGTTCGGCA

Block_33 (Radius0C_15dpi, Radius18C_08dpi, Radius18C_15dpi, Std_grey18C_08dpi)
4 AATATAGGCCCGCCGTCCTTCTTTACAGAGC
4 ATATAGGCCCGCCGTCCTTCTTTACAGAGCG

Block_34 (asymptote_22C_Europe, asymptote_22C_oldworld)
2 CCCTTAGAAATTCCGAAGAGCGTAGTTCTTA
2 CCTTAGAAATTCCGAAGAGCGTAGTTCTTAC
2 CTTAGAAATTCCGAAGAGCGTAGTTCTTACC

Block_35 (day4_12C, day4_12C_oldworld)
2 AAAGCTGCCGATACTAGCTATCTATATAACG
2 AAGCTGCCGATACTAGCTATCTATATAACGG
2 CTGCCGATACTAGCTATCTATATAACGGTTA


Block_36 (day4_12C_Americas, day6_12C_Americas)
2 AGCGGCAGCATATTATAAAGCTCCGGGGGGA
2 CGGCAGCATATTATAAAGCTCCGGGGGGAGC
2 GGCAGCATATTATAAAGCTCCGGGGGGAGCC

Block_37 (Std_grey0C_08dpi, Std_grey18C_08dpi)
2 AGACCATCAGCGATCATTCTGTCGGTTTCAA
2 GACCATCAGCGATCATTCTGTCGGTTTCAAC
2 ACCATCAGCGATCATTCTGTCGGTTTCAACC

Block_38 (Std_grey0C_08dpi, Std_grey18C_08dpi)
2 CTATATTAGCTCGGCTTTGAACTCGTCGAAG
2 TATATTAGCTCGGCTTTGAACTCGTCGAAGA
2 ATATTAGCTCGGCTTTGAACTCGTCGAAGAC

Block_39 (day4_25C, eAUC25C) - repeat probable - found on many chromosomes
2 CTGGAGGATCAGAACATTATGAGTGGACTAA
2 TGGAGGATCAGAACATTATGAGTGGACTAAA
2 GGAGGATCAGAACATTATGAGTGGACTAAAC

Block_40 (Std_grey0C_08dpi, Std_grey18C_08dpi)
2 GCGCAGGTATGCCATTGCCGACACTACCGCA
2 CGCAGGTATGCCATTGCCGACACTACCGCAG
2 CAGGTATGCCATTGCCGACACTACCGCAGGC

Block_41 (Std_grey0C_08dpi, Std_grey18C_08dpi)
2 GGCAGGTATCGACATTTTTCTCGAATCTGCA
2 AGGTATCGACATTTTTCTCGAATCTGCATTG


Block_42 (day4_12C, day6_12C)
2 CAGCTCTTTTGGGCGTAAAAGTATGGTGTGG
2 AGCTCTTTTGGGCGTAAAAGTATGGTGTGGA

Block_43 (day2_18C, day2_18C_oldworld
2 ACGAAGTAGTAAAGCACTCGTCGGTGCGATA
2 CGAAGTAGTAAAGCACTCGTCGGTGCGATAG

Block_44 (day2_15C, day2_GB)
2 ACGGACGTACAATAGAAACTAGCAAGCGATA
2 CGGACGTACAATAGAAACTAGCAAGCGATAA

Block_45 (eAUC15C_Europe, eAUC15C_oldworld)
2 CAGAAGTTCATGCAGGTGGACCAGGAGATGC
2 AGAAGTTCATGCAGGTGGACCAGGAGATGCT

Block_46 (Std_grey0C_08dpi, Std_grey30C_08dpi)
2 CGTCTTTTGTGTAGTTAGCCCTCTCGTGTTC
2 TGTGTAGTTAGCCCTCTCGTGTTCTACGAAA

Block_47 (day4_12C_Americas, day6_12C_Americas)
2 ATTCTAGCATTATAGAACTAGCAGATAATTC
2 TAGCATTATAGAACTAGCAGATAATTCCCGA

Block_48 (Mean_grey0C_08dpi, Mean_grey18C_08dpi)
2 GAGGAGTATAGGAATCGACGATTATAGTCGC
2 AGGAGTATAGGAATCGACGATTATAGTCGCC

Block_49 (Std_grey0C_08dpi, Std_grey18C_08dpi)
2 GATGTAAATTCGAGTTCAATTCCTTGATCGA
2 ATGTAAATTCGAGTTCAATTCCTTGATCGAA

Block_50 (day4_12C_oldworld, day6_12C_oldworld)
2 ACGGGCGTCGTAATATATCTCCTAATACAAC
2 CGGGCGTCGTAATATATCTCCTAATACAACC

Block_51 (asymptote_18C_Americas, asymptote_18C)
2 CGCCTGAGTCAGTACTCGAATCAGGTCGTTC
2 GCCTGAGTCAGTACTCGAATCAGGTCGTTCA

Block_52 (Mean_grey0C_08dpi, Mean_grey18C_08dpi)
2 CCGGCGACTATAATCGTCGATTCCTATACTC
2 CGGCGACTATAATCGTCGATTCCTATACTCC


Orphans
2 AAAGCAATCTGCATTTGTGTGGATATGATGG
2 AACATCAAATAAACCAGAGGTTAACATACCC
2 AATTATTAATAGGAAATATCTCCTATACCGG
2 CTTTAGCTTGCGAGTGGCGTCGTTATTATCC
2 ACTATCGCACCGACGAGTGCTTTACTACTTC
2 ACTTCCAAAAGTAAGTCTCTAAACGTCTATG
2 AGCGTTCCTTACTGTCTACGTTCCAATCCTC
2 CATCATATCCACACAAATGCAGATTGCTTTA
3 CGTCTGCTTTTTGCGGGAGGGTGATTTCCGC
2 CATAAGGAGAAGAAGGTACCGGTCCCCGGCG
2 ATAGCATTGCGATGGTCAGAATGTGATGTTG
2 CGGTAAAGTACTTGCTCTTATTAGCTATCTA
2 AGGATAATAACGACGCCACTCGCAAGCTAAA
2 AGGATTGGAACGTAGACAGTAAGGAACGCTA
2 AGGTGCCTTGTCGAGAAGGTAGCGCTTCTAT
2 AGGTTGTATTAGGAGATATATTACGACGCCC
2 CCCTCGACGTAGACGGTTAGGGCTTTACGTA
2 CCTGCGGTAGTGTCGGCAATGGCATACCTGC
2 CGTCCAAGGGCTGGTGAAATTAGTCGTTGCC
2 CTAGATAGCTAATAAGAGCAAGTACTTTACC
2 CTCCCCCCGGAGCTTTATAATATGCTGCCGC
2 CTTCGATCAAGGAATTGAACTCGAATTTACA
2 CTTGCAAAATTTCATCGTTTAGCGGATCCTA
2 GGGGGTTTAGGAGCCTGCGACTATCCCCTAA
2 TAGTCCACTCATAATGTTCTGATCCTCCAGA


